주문번호,수령방법,결제방법,항목,추가선택,드레싱,서비스타입,주문금액,배달팁,결제금액,주문시각,접수시각,배달시각,주소,요청사항
B0QN006IS3,배달,바로결제,"닭가슴살 샐러드, 닭가슴살 샐러드, 닭가슴살 샐러드, 목살 샐러드","숲속토핑 (110g), 숲속토핑 (110g), 숲속토핑 (110g)","발사믹, 오리엔탈, 오리엔탈",배민,32500,3500,36000,2020-08-17 11:04:24,2020-08-17 11:05:13,2020-08-17 12:05:13,전북 전주시 완산구 중화산2동 ****,닭가슴살 하나는 양파랑아몬드  빼주세요
B0QN006G3T,배달,바로결제,"이너프 샐러드, 이너프 샐러드, 이너프 샐러드",,발사믹,배민,12900,3000,14900,2020-08-17 11:09:02,2020-08-17 11:09:41,2020-08-17 12:09:41,전북 전주시 덕진구 금암1동 ****,(수저포크X)
B0QN006F9D,배달,만나서결제,"닭가슴살 샐러드, 훈제연어 샐러드",,"오리엔탈, 렌치",배민,12800,3500,16300,2020-08-17 11:09:17,2020-08-17 11:09:34,2020-08-17 12:09:34,전북 전주시 덕진구 인후2동 ****,
B0QN009AH5,배달,바로결제,"목살 샐러드, 이너프 샐러드","고구마 (50g), 고구마 (50g)","오리엔탈, 발사믹",배민,12100,3000,15100,2020-08-17 11:45:12,2020-08-17 11:45:27,2020-08-17 12:45:27,전북 전주시 덕진구 금암1동 ****,강낭콩은 다 빼주세요ㅠ! (수저포크X)
B0QN00B7UJ,배달,바로결제,"훈제연어 샐러드, 훈제연어 샐러드",,렌치,배민,13800,3000,16800,2020-08-17 12:06:17,2020-08-17 12:08:56,2020-08-17 13:08:56,전북 전주시 덕진구 금암2동 ****,
B0QN00CU0F,배달,바로결제,"닭가슴살 샐러드, 목살 샐러드",,"렌치, 오리엔탈",배민,12300,3000,15300,2020-08-17 12:25:11,2020-08-17 12:25:42,2020-08-17 13:25:42,전북 전주시 덕진구 덕진동 ****,
B0QN00GJHI,배달,바로결제,"목살 샐러드, 목살 샐러드, 닭가슴살 샐러드",고구마 (50g),"렌치, 오리엔탈, 렌치",배민,19400,3000,21400,2020-08-17 13:08:30,2020-08-17 13:09:34,2020-08-17 14:09:34,전북 전주시 덕진구 덕진동 ****,사장님 콩이 너무싫어여ㅠㅠㅠ콩빼주시구 올리브나 할라피뇨를 더 넣어주세용
B0QN00OLI5,배달,바로결제,"훈제연어 샐러드, 훈제연어 샐러드, 훈제연어 샐러드",숲속토핑 (110g),"발사믹, 발사믹",배민,22800,3000,25800,2020-08-17 15:02:58,2020-08-17 15:03:33,2020-08-17 16:03:33,전북 전주시 덕진구 금암2동 ****,"할라피뇨랑 콘옥수수 빼주시고, 올리브 많이많이 넣어주세요"
B0QN00PM3L,배달,바로결제,훈제연어 샐러드,연어 (100g),오리엔탈,배민,10400,3500,13900,2020-08-17 15:13:21,2020-08-17 15:13:35,2020-08-17 16:13:35,전북 전주시 완산구 서신동 ****,(수저포크X)
B0QN00TQUD,배달,바로결제,"숲속 샐러드, 닭가슴살 샐러드",숲속토핑 (110g),"렌치, 발사믹",배민,13900,3000,16900,2020-08-17 16:32:22,2020-08-17 16:32:38,2020-08-17 17:32:38,전북 전주시 덕진구 덕진동 ****,
B0QN00VQH0,배달,바로결제,"닭가슴살 샐러드, 닭가슴살 샐러드",,렌치,배민,11800,3500,15300,2020-08-17 17:01:46,2020-08-17 17:02:14,2020-08-17 18:02:14,전북 전주시 덕진구 인후2동 ****,
B0QN00WPY5,배달,바로결제,"숲속 샐러드, 목살 샐러드",고구마 (50g),"오리엔탈, 오리엔탈",배민,13000,5000,18000,2020-08-17 17:12:09,2020-08-17 17:13:36,2020-08-17 18:13:36,전북 전주시 완산구 중화산1동 ****,
B0QN00Y9MT,배달,바로결제,"이너프 샐러드, 이너프 샐러드","고구마 (50g), 고구마 (50g)","렌치, 오리엔탈",배민,10000,3000,13000,2020-08-17 17:31:28,2020-08-17 17:31:39,2020-08-17 18:31:39,전북 전주시 덕진구 덕진동 ****,
B0QN010WWT,배달,바로결제,목살 샐러드,"목살 (100g), 고구마 (50g)","발사믹, 오리엔탈",배민,10200,3500,13700,2020-08-17 17:52:36,2020-08-17 17:52:57,2020-08-17 18:52:57,전북 전주시 덕진구 송천2동 ****,
B0QN0113W2,배달,바로결제,목살 샐러드,"목살 (100g), 고구마 (50g), 삶은 달걀",렌치,배민,10200,3000,13200,2020-08-17 17:53:13,2020-08-17 17:53:22,2020-08-17 18:53:22,전북 전주시 덕진구 금암2동 ****,
B0QN0114SR,배달,바로결제,목살 샐러드,"숲속토핑 (110g), 닭가슴살 (100g), 고구마 (50g)",오리엔탈,배민,11300,3000,14300,2020-08-17 17:55:45,2020-08-17 17:58:09,2020-08-17 18:58:09,전북 전주시 덕진구 금암2동 ****,
B0QN013CZ7,배달,바로결제,"숲속 샐러드, 목살 샐러드",고구마 (50g),"오리엔탈, 오리엔탈",배민,13000,3500,16500,2020-08-17 18:13:16,2020-08-17 18:15:12,2020-08-17 19:15:12,전북 전주시 완산구 서신동 ****,올리브만 빼주세요 ㅠ
B0QN0163ND,배달,만나서결제,"숲속 샐러드, 숲속 샐러드, 목살 샐러드",,"발사믹, 오리엔탈",배민,18200,3000,21200,2020-08-17 18:32:07,2020-08-17 18:32:42,2020-08-17 19:32:42,전북 전주시 덕진구 금암1동 ****,
B0QN016W8P,배달,바로결제,"숲속 샐러드, 이너프 샐러드",목살 (100g),"렌치, 오리엔탈",배민,12800,3000,15800,2020-08-17 18:38:57,2020-08-17 18:42:05,2020-08-17 19:42:05,전북 전주시 덕진구 덕진동 ****,
B0QN0187CG,배달,바로결제,"숲속 샐러드, 이너프 샐러드","숲속토핑 (110g), 고구마 (50g)","오리엔탈, 오리엔탈",배민,13000,3500,16500,2020-08-17 18:48:29,2020-08-17 18:48:38,2020-08-17 19:48:38,전북 전주시 덕진구 인후2동 ****,
B0QO006HFQ,배달,만나서결제,"숲속 샐러드, 닭가슴살 샐러드, 닭가슴살 샐러드","고구마 (50g), 숲속토핑 (110g)","발사믹, 렌치, 발사믹",배민,20500,3000,23500,2020-08-18 11:01:48,2020-08-18 11:02:03,2020-08-18 12:02:03,전북 전주시 덕진구 금암1동 ****,
B0QO006JT1,배달,바로결제,닭가슴살 샐러드,"닭가슴살 (100g), 숲속토핑 (110g), 고구마 (50g)","렌치, 발사믹",배민,11300,4500,15800,2020-08-18 11:03:22,2020-08-18 11:03:33,2020-08-18 12:03:33,전북 전주시 덕진구 인후1동 ****,할라피뇨 많이 부탁드려요
B0QO007PK0,배달,바로결제,"숲속 샐러드, 이너프 샐러드",삶은 달걀,"오리엔탈, 렌치",배민,10700,3000,13700,2020-08-18 11:21:54,2020-08-18 11:22:06,2020-08-18 12:22:06,전북 전주시 덕진구 금암1동 ****,
B0QO007U0F,배달,바로결제,"닭가슴살 샐러드, 닭가슴살 샐러드, 목살 샐러드","고구마 (50g), 고구마 (50g)","발사믹, 렌치",배민,20300,3000,23300,2020-08-18 11:23:31,2020-08-18 11:23:42,2020-08-18 12:23:42,전북 전주시 덕진구 금암1동 ****,
B0QO008CCM,배달,바로결제,"목살 샐러드, 목살 샐러드",,렌치,배민,12800,3000,15800,2020-08-18 11:31:04,2020-08-18 11:31:16,2020-08-18 12:31:16,전북 전주시 덕진구 금암1동 ****,문앞에 두고 노크해주시고 가시면 됩니다
B0QO008YKK,배달,바로결제,"훈제연어 샐러드, 목살 샐러드","연어 (100g), 숲속토핑 (110g)","렌치, 렌치",배민,18900,3000,21900,2020-08-18 11:38:47,2020-08-18 11:39:41,2020-08-18 12:39:41,전북 전주시 덕진구 금암2동 ****,
B0QO00A9OP,배달,바로결제,"목살 샐러드, 이너프 샐러드",,"오리엔탈, 오리엔탈",배민,10700,3000,13700,2020-08-18 11:57:20,2020-08-18 11:57:38,2020-08-18 12:57:38,전북 전주시 덕진구 금암2동 ****,이너프샐러드는 할라피뇨 빼주세요 (수저포크X)
B0QO00A8XO,배달,바로결제,"닭가슴살 샐러드, 목살 샐러드",,"렌치, 렌치",배민,12300,3500,15800,2020-08-18 11:57:38,2020-08-18 11:57:47,2020-08-18 12:57:47,전북 전주시 덕진구 송천2동 ****,
B0QO00CI5G,배달,만나서결제,"닭가슴살 샐러드, 닭가슴살 샐러드",,렌치,배민,11800,3000,14800,2020-08-18 12:29:11,2020-08-18 12:29:22,2020-08-18 13:29:22,전북 전주시 덕진구 덕진동 ****,
B0QO00CGZ7,배달,바로결제,목살 샐러드,"목살 (100g), 고구마 (50g), 삶은 달걀",오리엔탈,배민,10200,3000,13200,2020-08-18 12:31:41,2020-08-18 12:31:50,2020-08-18 13:31:50,전북 전주시 덕진구 금암1동 ****,
B0QO00COP0,배달,바로결제,"숲속 샐러드, 숲속 샐러드, 닭가슴살 샐러드",,"발사믹, 발사믹, 렌치",배민,18200,3000,21000,2020-08-18 12:34:25,2020-08-18 12:34:34,2020-08-18 13:34:34,전북 전주시 덕진구 금암1동 ****,맛있게 부탁드려요!! 생양파는 못 먹으니 빼주시고 다른 야채로더 넣어주시면 감사하겠습니다!!
B0QO00D5LN,배달,바로결제,"숲속 샐러드, 닭가슴살 샐러드",,"렌치, 발사믹",배민,11800,3500,15300,2020-08-18 12:41:33,2020-08-18 12:41:50,2020-08-18 13:41:50,전북 전주시 완산구 서신동 ****,
B0QO00EAQT,배달,바로결제,"목살 샐러드, 목살 샐러드",,"렌치, 오리엔탈",배민,12800,3500,16300,2020-08-18 12:58:05,2020-08-18 12:59:00,2020-08-18 13:59:00,전북 전주시 덕진구 진북동 ****,(수저포크X)
B0QO00E9RF,배달,바로결제,"훈제연어 샐러드, 닭가슴살 샐러드",고구마 (50g),"렌치, 렌치",배민,13500,3000,16500,2020-08-18 12:58:41,2020-08-18 12:59:07,2020-08-18 13:59:07,전북 전주시 덕진구 금암1동 ****,
B0QO00EI0I,배달,바로결제,"이너프 샐러드, 숲속 샐러드",,"발사믹, 오리엔탈",배민,10200,3000,13200,2020-08-18 13:03:18,2020-08-18 13:03:28,2020-08-18 14:03:28,전북 전주시 덕진구 덕진동 ****,
B0QO00GS0G,배달,바로결제,"숲속 샐러드, 숲속 샐러드",,발사믹,배민,11800,3500,15300,2020-08-18 13:47:26,2020-08-18 13:47:38,2020-08-18 14:47:38,전북 전주시 덕진구 송천2동 ****,계란 빼고 주세요! (수저포크X)
B0QO00GT5L,배달,바로결제,"이너프 샐러드, 숲속 샐러드",,"발사믹, 오리엔탈",배민,10200,3000,13200,2020-08-18 13:54:23,2020-08-18 13:54:45,2020-08-18 14:54:45,전북 전주시 덕진구 덕진동 ****,방울토마토 빼주세요
B0QO00LWAP,배달,바로결제,"이너프 샐러드, 이너프 샐러드, 목살 샐러드",,"발사믹, 렌치",배민,15000,4500,9500,2020-08-18 15:54:56,2020-08-18 15:55:04,2020-08-18 16:55:04,전북 전주시 완산구 중화산2동 ****,
B0QO00MC1Z,배달,바로결제,"훈제연어 샐러드, 목살 샐러드",,"렌치, 발사믹",배민,13300,3000,16300,2020-08-18 16:03:09,2020-08-18 16:03:23,2020-08-18 17:03:23,전북 전주시 덕진구 금암1동 ****,!!!!!!!콩!!!!!!! 빼주세요!!!!!!!!!!
B0QO00MFXS,배달,만나서결제,"목살 샐러드, 목살 샐러드, 목살 샐러드, 목살 샐러드, 목살 샐러드",,오리엔탈,배민,32000,2500,34500,2020-08-18 16:07:28,2020-08-18 16:08:33,2020-08-18 17:58:33,전북 전주시 완산구 서신동 ****,5시 50분까지 부탁드립니다 !! 시간 꼭 맞춰주세요 !! 영수증도 필요해요
B0QO00OGJW,배달,바로결제,"훈제연어 샐러드, 이너프 샐러드",연어 (100g),"렌치, 발사믹",배민,14700,3000,17700,2020-08-18 16:54:33,2020-08-18 16:54:46,2020-08-18 17:54:46,전북 전주시 덕진구 금암2동 ****,
B0QO00ORI3,배달,바로결제,"훈제연어 샐러드, 목살 샐러드",,"오리엔탈, 렌치",배민,13300,3000,16300,2020-08-18 17:02:17,2020-08-18 17:02:33,2020-08-18 18:02:33,전북 전주시 덕진구 금암2동 ****,
B0QO00PV2O,배달,바로결제,"목살 샐러드, 목살 샐러드, 목살 샐러드","삶은 달걀, 삶은 달걀","발사믹, 렌치",배민,20700,5000,25700,2020-08-18 17:21:49,2020-08-18 17:21:58,2020-08-18 18:21:58,전북 전주시 완산구 중화산1동 ****,
B0QO00WA1J,배달,바로결제,"닭가슴살 샐러드, 닭가슴살 샐러드",,오리엔탈,배민,11800,3000,14800,2020-08-18 18:33:01,2020-08-18 18:33:20,2020-08-18 19:33:20,전북 전주시 덕진구 금암1동 ****,강낭콩 빼주세요!
B0QP005AXI,배달,바로결제,"목살 샐러드, 닭가슴살 샐러드",삶은 달걀,"오리엔탈, 렌치",배민,12800,3000,15800,2020-08-19 11:01:48,2020-08-19 11:02:13,2020-08-19 12:02:13,전북 전주시 덕진구 덕진동 ****,
B0QP005K5N,배달,바로결제,"이너프 샐러드, 훈제연어 샐러드",,"렌치, 렌치",배민,11200,3000,13200,2020-08-19 11:06:08,2020-08-19 11:06:57,2020-08-19 12:06:57,전북 전주시 덕진구 금암1동 ****,할라피뇨 많이 주세용
B0QP005MYY,배달,바로결제,"닭가슴살 샐러드, 닭가슴살 샐러드, 목살 샐러드, 숲속 샐러드",,"오리엔탈, 오리엔탈, 오리엔탈",배민,24100,5000,29100,2020-08-19 11:07:55,2020-08-19 11:08:12,2020-08-19 12:08:12,전북 전주시 완산구 노송동 ****,
B0QP006VSV,배달,만나서결제,"숲속 샐러드, 목살 샐러드, 훈제연어 샐러드",,"오리엔탈, 오리엔탈, 발사믹",배민,19200,4500,23700,2020-08-19 11:23:54,2020-08-19 11:24:04,2020-08-19 12:24:04,전북 전주시 완산구 중앙동 ****,
B0QP007RWH,배달,바로결제,"훈제연어 샐러드, 훈제연어 샐러드, 훈제연어 샐러드",,발사믹,배민,20700,3000,22700,2020-08-19 11:40:24,2020-08-19 11:40:32,2020-08-19 12:40:32,전북 전주시 덕진구 금암2동 ****,"할라피뇨, 콘옥수수 빼주시고 올리브 많이 넣어주세요"
B0QP008GGM,배달,바로결제,"이너프 샐러드, 숲속 샐러드",,"발사믹, 오리엔탈",배민,10200,3000,13200,2020-08-19 11:44:53,2020-08-19 11:45:02,2020-08-19 12:45:02,전북 전주시 덕진구 금암1동 ****,
B0QP008NX7,배달,만나서결제,"닭가슴살 샐러드, 닭가슴살 샐러드, 닭가슴살 샐러드",,"렌치, 오리엔탈",배민,17700,3500,21200,2020-08-19 11:46:07,2020-08-19 11:46:17,2020-08-19 12:46:17,전북 전주시 덕진구 인후2동 ****,
B0QP008XV8,배달,바로결제,"훈제연어 샐러드, 닭가슴살 샐러드, 숲속 샐러드",,"발사믹, 발사믹, 발사믹, 오리엔탈, 오리엔탈",배민,19700,3500,23200,2020-08-19 11:50:43,2020-08-19 11:52:13,2020-08-19 12:52:13,전북 전주시 덕진구 송천2동 ****,올리브와 할라피뇨 혹시 가능하다면 추가 부탁드려요!!
B0QP0091I5,배달,바로결제,"목살 샐러드, 목살 샐러드",고구마 (50g),렌치,배민,14200,3500,17700,2020-08-19 11:53:54,2020-08-19 11:54:09,2020-08-19 12:54:09,전북 전주시 완산구 서신동 ****,두개 다 강낭콩 빼주세요!!
B0QP00BV1H,배달,바로결제,"이너프 샐러드, 닭가슴살 샐러드",,"렌치, 발사믹",배민,10200,3000,13200,2020-08-19 12:27:27,2020-08-19 12:32:10,2020-08-19 13:32:10,전북 전주시 덕진구 금암1동 ****,토마토 조금더 넣어주시면 감사할게요오
B0QP00BZJI,배달,바로결제,"숲속 샐러드, 숲속 샐러드",고구마 (50g),발사믹,배민,13200,3500,16700,2020-08-19 12:29:18,2020-08-19 12:32:16,2020-08-19 13:32:16,전북 전주시 덕진구 인후2동 ****,
B0QP00DJRN,배달,바로결제,"훈제연어 샐러드, 목살 샐러드",,"렌치, 렌치",배민,13300,3500,16800,2020-08-19 12:51:55,2020-08-19 12:52:14,2020-08-19 13:52:14,전북 전주시 덕진구 진북동 ****,
B0QP00FZRX,배달,바로결제,"닭가슴살 샐러드, 훈제연어 샐러드",,"발사믹, 발사믹, 발사믹, 발사믹",배민,13800,3000,16800,2020-08-19 13:34:04,2020-08-19 13:37:17,2020-08-19 14:37:17,전북 전주시 덕진구 덕진동 ****,빨간 콩 빼주시면 감사할게요 ㅎㅎ
B0QP00M28P,배달,바로결제,목살 샐러드,"목살 (100g), 숲속토핑 (110g)","오리엔탈, 오리엔탈",배민,11600,3000,14600,2020-08-19 15:53:35,2020-08-19 15:53:51,2020-08-19 16:53:51,전북 전주시 덕진구 덕진동 ****,리뷰쓸게요!.!
B0QP00N14J,배달,바로결제,훈제연어 샐러드,"목살 (100g), 고구마 (50g)",렌치,배민,10200,3000,13000,2020-08-19 16:17:44,2020-08-19 16:17:55,2020-08-19 17:17:55,전북 전주시 덕진구 덕진동 ****,
B0QP00N68Z,배달,바로결제,"훈제연어 샐러드, 이너프 샐러드",고구마 (50g),"발사믹, 렌치",배민,11900,3000,14900,2020-08-19 16:21:02,2020-08-19 16:21:15,2020-08-19 17:21:15,전북 전주시 덕진구 덕진동 ****,
B0QP00NTI8,배달,바로결제,"닭가슴살 샐러드, 훈제연어 샐러드","닭가슴살 (100g), 닭가슴살 (100g)","오리엔탈, 오리엔탈",배민,17000,3000,20000,2020-08-19 16:35:38,2020-08-19 16:35:50,2020-08-19 17:35:50,전북 전주시 덕진구 금암1동 ****,
B0QP00NZT3,배달,바로결제,"이너프 샐러드, 목살 샐러드",,"오리엔탈, 오리엔탈",배민,10700,3000,13700,2020-08-19 16:40:10,2020-08-19 16:40:22,2020-08-19 17:40:22,전북 전주시 덕진구 금암2동 ****,
B0QP00P9I0,배달,바로결제,"숲속 샐러드, 목살 샐러드",,"오리엔탈, 오리엔탈",배민,12300,3500,15800,2020-08-19 17:05:31,2020-08-19 17:07:09,2020-08-19 18:07:09,전북 전주시 덕진구 인후2동 ****,
B0QP00SGZS,배달,바로결제,"목살 샐러드, 이너프 샐러드",고구마 (50g),"렌치, 발사믹",배민,11400,3000,14400,2020-08-19 17:49:32,2020-08-19 17:49:46,2020-08-19 18:49:46,전북 전주시 덕진구 금암2동 ****,
B0QP00TI7Y,배달,만나서결제,"목살 샐러드, 숲속 샐러드",,"렌치, 발사믹",배민,12300,3500,15800,2020-08-19 17:59:06,2020-08-19 18:03:10,2020-08-19 19:03:10,전북 전주시 덕진구 인후2동 ****,
B0QQ005IL5,배달,바로결제,"훈제연어 샐러드, 목살 샐러드",,"렌치, 오리엔탈",배민,13300,3000,16300,2020-08-20 11:04:23,2020-08-20 11:04:34,2020-08-20 12:04:34,전북 전주시 덕진구 금암2동 ****,(수저포크X)
B0QQ005CVG,배달,만나서결제,"숲속 샐러드, 훈제연어 샐러드","고구마 (50g), 고구마 (50g)","렌치, 렌치",배민,14200,4500,18700,2020-08-20 11:04:51,2020-08-20 11:05:00,2020-08-20 12:05:00,전북 전주시 완산구 중앙동 ****,고구마 각각 총 백그램 추가가능할까요? 앱으로는 한번 밖에 추가가 안되는거 같아서요ㅠ 결제는현장결제할거에요!
B0QQ005L61,배달,바로결제,"목살 샐러드, 닭가슴살 샐러드",,"렌치, 오리엔탈",배민,12300,3500,15800,2020-08-20 11:05:59,2020-08-20 11:06:49,2020-08-20 12:06:49,전북 전주시 덕진구 인후2동 ****,
B0QQ005MD6,배달,바로결제,"목살 샐러드, 이너프 샐러드",,"오리엔탈, 발사믹",배민,10700,3000,13700,2020-08-20 11:06:30,2020-08-20 11:06:56,2020-08-20 12:06:56,전북 전주시 덕진구 금암1동 ****,
B0QQ007K7Q,배달,바로결제,"목살 샐러드, 훈제연어 샐러드","닭가슴살 (100g), 연어 (100g)","오리엔탈, 렌치",배민,18900,3500,22400,2020-08-20 11:36:24,2020-08-20 11:36:33,2020-08-20 12:36:33,전북 전주시 덕진구 송천2동 ****,셀러드에 전부 다 올리브 빼주세용
B0QQ00819X,배달,바로결제,"목살 샐러드, 훈제연어 샐러드",,"오리엔탈, 발사믹",배민,13300,3000,16300,2020-08-20 11:38:57,2020-08-20 11:39:09,2020-08-20 12:39:09,전북 전주시 덕진구 금암1동 ****,
B0QQ0093L4,배달,바로결제,"숲속 샐러드, 닭가슴살 샐러드",,"렌치, 발사믹",배민,11800,3500,15300,2020-08-20 11:51:38,2020-08-20 11:51:47,2020-08-20 12:51:47,전북 전주시 완산구 서신동 ****,두개다 할라피뇨 빼주세요
B0QQ009GYE,배달,바로결제,"목살 샐러드, 목살 샐러드, 목살 샐러드, 목살 샐러드, 훈제연어 샐러드",,"오리엔탈, 렌치, 렌치",배민,32500,2000,34500,2020-08-20 11:57:10,2020-08-20 11:57:25,2020-08-20 12:57:25,전북 전주시 덕진구 금암1동 ****,
B0QQ00A487,배달,바로결제,훈제연어 샐러드,"숲속토핑 (110g), 고구마 (50g)","렌치, 렌치",배민,10200,3500,13700,2020-08-20 12:02:38,2020-08-20 12:03:10,2020-08-20 13:03:10,전북 전주시 완산구 서신동 ****,(수저포크X)
B0QQ00AAFB,배달,바로결제,"닭가슴살 샐러드, 닭가슴살 샐러드",,렌치,배민,11800,3500,15300,2020-08-20 12:06:06,2020-08-20 12:06:30,2020-08-20 13:06:30,전북 전주시 덕진구 인후2동 ****,
B0QQ00EUAU,배달,바로결제,"이너프 샐러드, 목살 샐러드",,"오리엔탈, 오리엔탈",배민,10700,4000,14700,2020-08-20 13:12:26,2020-08-20 13:13:07,2020-08-20 14:13:07,전북 전주시 덕진구 송천1동 ****,목살 샐러드는 견과류 빼주세요!
B0QQ00GQCG,배달,바로결제,"목살 샐러드, 훈제연어 샐러드",,"렌치, 렌치",배민,13300,5000,18300,2020-08-20 13:45:30,2020-08-20 13:45:46,2020-08-20 14:45:46,전북 전주시 덕진구 우아1동 ****,
B0QQ00HBT7,배달,바로결제,"닭가슴살 샐러드, 숲속 샐러드, 훈제연어 샐러드",,"발사믹, 오리엔탈, 발사믹",배민,18700,3500,22200,2020-08-20 13:55:48,2020-08-20 13:56:01,2020-08-20 14:46:01,전북 전주시 완산구 서신동 ****,(수저포크X)
B0QQ00KAXS,배달,바로결제,"닭가슴살 샐러드, 닭가슴살 샐러드",,"오리엔탈, 발사믹",배민,11800,4500,16300,2020-08-20 15:04:37,2020-08-20 15:05:04,2020-08-20 16:05:04,전북 전주시 완산구 중화산2동 ****,(수저포크X)
B0QQ00KLZS,배달,바로결제,"이너프 샐러드, 이너프 샐러드, 이너프 샐러드",고구마 (50g),"발사믹, 오리엔탈",배민,13600,3000,16600,2020-08-20 15:12:10,2020-08-20 15:12:27,2020-08-20 16:12:27,전북 전주시 덕진구 금암1동 ****,(수저포크X)
B0QQ00LD4E,배달,바로결제,"목살 샐러드, 이너프 샐러드",삶은 달걀,"오리엔탈, 오리엔탈",배민,11200,3000,14200,2020-08-20 15:32:02,2020-08-20 15:32:25,2020-08-20 16:32:25,전북 전주시 덕진구 금암1동 ****,
B0QQ00MR97,배달,바로결제,"숲속 샐러드, 훈제연어 샐러드",,"발사믹, 오리엔탈, 발사믹",배민,13300,4000,17300,2020-08-20 16:05:19,2020-08-20 16:05:31,2020-08-20 17:05:31,전북 전주시 덕진구 송천1동 ****,
B0QQ00MXBD,배달,바로결제,"목살 샐러드, 목살 샐러드",,"렌치, 드레싱",배민,12800,3000,15800,2020-08-20 16:10:10,2020-08-20 16:10:33,2020-08-20 17:10:33,전북 전주시 덕진구 금암2동 ****,
B0QQ00P106,배달,바로결제,"훈제연어 샐러드, 목살 샐러드","연어 (100g), 고구마 (50g), 고구마 (50g)","렌치, 발사믹",배민,18200,3000,20200,2020-08-20 16:53:44,2020-08-20 16:54:15,2020-08-20 17:54:15,전북 전주시 덕진구 덕진동 ****,
B0QQ00RDOO,배달,바로결제,"목살 샐러드, 목살 샐러드, 훈제연어 샐러드, 훈제연어 샐러드, 훈제연어 샐러드",,"렌치, 렌치",배민,33500,4000,37500,2020-08-20 17:28:04,2020-08-20 17:28:38,2020-08-20 18:28:38,전북 전주시 완산구 중화산1동 ****,
B0QQ00RI3Q,배달,바로결제,"훈제연어 샐러드, 닭가슴살 샐러드",,"발사믹, 발사믹",배민,12800,3000,15800,2020-08-20 17:31:26,2020-08-20 17:32:09,2020-08-20 18:32:09,전북 전주시 덕진구 금암1동 ****,닭가슴살 샐러드에 콩이랑 할라피뇨 빼주세요 (수저포크X)
B0QQ00S0S9,배달,바로결제,"닭가슴살 샐러드, 숲속 샐러드, 목살 샐러드","닭가슴살 (100g), 목살 (100g)","발사믹, 드레싱, 드레싱",배민,22900,3000,25900,2020-08-20 17:36:16,2020-08-20 17:38:53,2020-08-20 18:38:53,전북 전주시 덕진구 금암1동 ****,"할라피뇨, 일회용식기 빼주세요 (수저포크X)"
B0QQ00T20O,배달,바로결제,숲속 샐러드,"숲속토핑 (110g), 닭가슴살 (100g), 삶은 달걀",발사믹,배민,10600,3500,14100,2020-08-20 17:48:14,2020-08-20 17:50:51,2020-08-20 18:50:51,전라북도 전주시 덕진구 인후2동 ****,
B0QQ00V9S8,배달,바로결제,"목살 샐러드, 숲속 샐러드",목살 (100g),"오리엔탈, 렌치",배민,14900,3500,18400,2020-08-20 18:08:19,2020-08-20 18:09:41,2020-08-20 19:09:41,전북 전주시 덕진구 송천2동 ****,
B0QQ00XB5R,배달,바로결제,"목살 샐러드, 훈제연어 샐러드","고구마 (50g), 고구마 (50g)","오리엔탈, 렌치",배민,14700,3000,17700,2020-08-20 18:25:25,2020-08-20 18:25:49,2020-08-20 19:25:49,전북 전주시 덕진구 금암1동 ****,
B0QR005QU2,배달,바로결제,"이너프 샐러드, 이너프 샐러드, 목살 샐러드",,"렌치, 오리엔탈, 발사믹",배민,15000,3500,18500,2020-08-21 11:06:22,2020-08-21 11:06:37,2020-08-21 12:06:37,전북 전주시 덕진구 송천2동 ****,
B0QR005X5F,배달,바로결제,"목살 샐러드, 목살 샐러드, 닭가슴살 샐러드",,"렌치, 렌치",배민,18700,3000,21700,2020-08-21 11:09:26,2020-08-21 11:09:38,2020-08-21 12:09:38,전북 전주시 덕진구 덕진동 ****,빠른배송 요청드려여
B0QR00637U,배달,만나서결제,"닭가슴살 샐러드, 목살 샐러드","고구마 (50g), 고구마 (50g), 삶은 달걀","렌치, 오리엔탈",배민,14200,3000,17200,2020-08-21 11:10:12,2020-08-21 11:10:34,2020-08-21 12:10:34,전북 전주시 덕진구 덕진동 ****,
B0QR006C0D,배달,만나서결제,"목살 샐러드, 닭가슴살 샐러드, 닭가슴살 샐러드","숲속토핑 (110g), 숲속토핑 (110g), 숲속토핑 (110g)","오리엔탈, 오리엔탈, 발사믹",배민,24500,4500,29000,2020-08-21 11:14:39,2020-08-21 11:14:50,2020-08-21 12:14:50,전북 전주시 완산구 중화산2동 ****,닭가슴살 하나는 양파랑 아몬드빼고 강낭콩 더 주세요
B0QR006FQT,배달,바로결제,"숲속 샐러드, 닭가슴살 샐러드, 훈제연어 샐러드",,"발사믹, 발사믹, 발사믹",배민,18700,3000,21562,2020-08-21 11:15:45,2020-08-21 11:16:09,2020-08-21 12:16:09,전북 전주시 덕진구 금암2동 ****,수요일에 계란 안 넣어주셨어서 이번에 넣어주시기로 하셨어요 !!연어샐러드!!!에 넣어주세요
B0QR007DGL,배달,만나서결제,"닭가슴살 샐러드, 훈제연어 샐러드",숲속토핑 (110g),"렌치, 렌치",배민,14900,3500,18400,2020-08-21 11:26:13,2020-08-21 11:26:21,2020-08-21 12:26:21,전북 전주시 덕진구 팔복동 ****,
B0QR0077QP,배달,바로결제,"숲속 샐러드, 닭가슴살 샐러드",,"드레싱, 드레싱",배민,11800,4000,14800,2020-08-21 11:30:16,2020-08-21 11:31:16,2020-08-21 12:31:16,전북 전주시 덕진구 송천1동 ****,콩빼고 할라피뇨 많이넣어주세요
B0QR007IS0,배달,바로결제,훈제연어 샐러드,"연어 (100g), 삶은 달걀",렌치,배민,10900,3000,13900,2020-08-21 11:30:22,2020-08-21 11:31:42,2020-08-21 12:31:42,전북 전주시 덕진구 금암2동 ****,
B0QR007IKJ,배달,바로결제,"닭가슴살 샐러드, 훈제연어 샐러드",고구마 (50g),"렌치, 렌치",배민,13500,3000,16500,2020-08-21 11:30:55,2020-08-21 11:31:36,2020-08-21 12:31:36,전북 전주시 덕진구 금암1동 ****,
B0QR007ITD,배달,바로결제,훈제연어 샐러드,"숲속토핑 (110g), 닭가슴살 (100g)",드레싱,배민,11100,3500,14600,2020-08-21 11:31:14,2020-08-21 11:31:30,2020-08-21 12:31:30,전북 전주시 덕진구 진북동 ****,옥수수 할라피뇨 빼주세요 가지 많이 주세요 (수저포크X)
B0QR00AAT6,배달,바로결제,"닭가슴살 샐러드, 훈제연어 샐러드, 훈제연어 샐러드",닭가슴살 (100g),"오리엔탈, 오리엔탈, 렌치",배민,24400,3000,27400,2020-08-21 12:03:22,2020-08-21 12:03:33,2020-08-21 13:03:33,전북 전주시 덕진구 금암1동 ****,
B0QR00AJFR,배달,바로결제,"숲속 샐러드, 훈제연어 샐러드","목살 (100g), 연어 (100g), 삶은 달걀","오리엔탈, 오리엔탈",배민,19400,3000,22400,2020-08-21 12:06:39,2020-08-21 12:06:48,2020-08-21 13:06:48,전북 전주시 덕진구 금암2동 ****,
B0QR00C9KT,배달,바로결제,"이너프 샐러드, 이너프 샐러드","고구마 (50g), 삶은 달걀",렌치,배민,11000,3000,14000,2020-08-21 12:27:32,2020-08-21 12:27:42,2020-08-21 13:27:42,전북 전주시 덕진구 금암1동 ****,(수저포크X)
B0QR00C3N5,배달,만나서결제,"목살 샐러드, 목살 샐러드",고구마 (50g),"렌치, 발사믹",배민,13500,3000,16500,2020-08-21 12:27:42,2020-08-21 12:28:33,2020-08-21 13:28:33,전북 전주시 덕진구 금암1동 ****,"고구마 들어간 샐러드는 양파,강낭콩,할라피뇨,달걀 빼주시고 올리브 많이! 다른 샐러드 하나는 강낭콩 빼주세요"
B0QR00CU8X,배달,바로결제,"닭가슴살 샐러드, 훈제연어 샐러드",고구마 (50g),"발사믹, 발사믹",배민,13500,3500,17000,2020-08-21 12:33:43,2020-08-21 12:33:56,2020-08-21 13:33:56,전북 전주시 완산구 서신동 ****,맛있는점심 감사합니다 : )
B0QR00E80T,배달,바로결제,"목살 샐러드, 훈제연어 샐러드",,"발사믹, 발사믹",배민,13300,4000,17300,2020-08-21 12:55:55,2020-08-21 12:56:01,2020-08-21 13:56:01,전북 전주시 덕진구 송천1동 ****,
B0QR00EVUQ,배달,만나서결제,"닭가슴살 샐러드, 닭가슴살 샐러드","닭가슴살 (100g), 고구마 (50g)","발사믹, 발사믹",배민,14600,3000,17600,2020-08-21 13:05:14,2020-08-21 13:05:32,2020-08-21 14:05:32,전북 전주시 덕진구 금암1동 ****,
B0QR00FJJW,배달,바로결제,"목살 샐러드, 목살 샐러드",,오리엔탈,배민,12800,3000,15800,2020-08-21 13:16:03,2020-08-21 13:16:39,2020-08-21 14:16:39,전북 전주시 덕진구 금암1동 ****,
B0QR00FQTW,배달,바로결제,"숲속 샐러드, 목살 샐러드",,"발사믹, 오리엔탈",배민,12300,3000,15300,2020-08-21 13:19:29,2020-08-21 13:20:33,2020-08-21 14:20:33,전북 전주시 덕진구 덕진동 ****,
B0QR00KRLO,배달,바로결제,"숲속 샐러드, 목살 샐러드",,"렌치, 드레싱",배민,12300,4000,16300,2020-08-21 15:02:55,2020-08-21 15:04:47,2020-08-21 16:04:47,전북 전주시 덕진구 송천1동 ****,
B0QR00L2MB,배달,바로결제,"훈제연어 샐러드, 훈제연어 샐러드, 훈제연어 샐러드, 훈제연어 샐러드",,렌치,배민,27600,3000,30600,2020-08-21 15:08:11,2020-08-21 15:08:20,2020-08-21 16:08:20,전북 전주시 덕진구 금암2동 ****,"할라피뇨, 콘옥수수 빼주시고 올리브 많이 넣어주세요"
B0QR00PBMY,배달,바로결제,"닭가슴살 샐러드, 닭가슴살 샐러드, 닭가슴살 샐러드, 숲속 샐러드",,"오리엔탈, 드레싱, 오리엔탈",배민,23600,3500,27100,2020-08-21 16:48:56,2020-08-21 16:49:16,2020-08-21 17:49:16,전북 전주시 완산구 서신동 ****,"닭가슴살(드레싱없는것),숲속 이렇게2개는 할라피뇨빼주시고 강낭콩많이부탁드릴게요"
B0QR00R4ZI,배달,바로결제,"이너프 샐러드, 숲속 샐러드",고구마 (50g),"오리엔탈, 오리엔탈",배민,10900,3500,14400,2020-08-21 17:16:33,2020-08-21 17:16:45,2020-08-21 18:16:45,전북 전주시 완산구 서신동 ****,(수저포크X)
B0QR00R95P,배달,바로결제,"훈제연어 샐러드, 닭가슴살 샐러드",고구마 (50g),"발사믹, 발사믹",배민,13500,3000,16500,2020-08-21 17:17:34,2020-08-21 17:17:55,2020-08-21 18:17:55,전북 전주시 덕진구 덕진동 ****,(수저포크X)
B0QR00RTQI,배달,바로결제,숲속 샐러드,"숲속토핑 (110g), 닭가슴살 (100g), 삶은 달걀",발사믹,배민,10600,3500,14100,2020-08-21 17:24:02,2020-08-21 17:24:16,2020-08-21 18:24:16,전라북도 전주시 덕진구 인후2동 ****,
B0QR00SPU8,배달,바로결제,"닭가슴살 샐러드, 닭가슴살 샐러드","닭가슴살 (100g), 삶은 달걀",드레싱,배민,17000,4500,21500,2020-08-21 17:35:46,2020-08-21 17:35:57,2020-08-21 18:35:57,전북 전주시 완산구 중화산2동 ****,
B0QR00SVMK,배달,만나서결제,"닭가슴살 샐러드, 숲속 샐러드",,"렌치, 오리엔탈",배민,11800,3000,14800,2020-08-21 17:36:26,2020-08-21 17:36:33,2020-08-21 18:36:33,전북 전주시 덕진구 금암2동 ****,현금영수증 사업자 418-82-03771 함께 보내주세요
B0QR00WUN8,배달,만나서결제,"숲속 샐러드, 이너프 샐러드",삶은 달걀,"오리엔탈, 발사믹",배민,10700,3000,13700,2020-08-21 18:12:14,2020-08-21 18:12:22,2020-08-21 19:12:22,전북 전주시 덕진구 금암1동 ****,(수저포크X)
B0QR00WXZJ,배달,바로결제,"이너프 샐러드, 숲속 샐러드",,"렌치, 렌치",배민,10200,4000,14200,2020-08-21 18:12:48,2020-08-21 18:12:59,2020-08-21 19:12:59,전북 전주시 덕진구 송천1동 ****,드레싱 발사믹만 주세요! (수저포크X)
B0QR00VIQ9,배달,바로결제,"숲속 샐러드, 훈제연어 샐러드",,"오리엔탈, 렌치",배민,12800,4500,17300,2020-08-21 18:13:19,2020-08-21 18:13:31,2020-08-21 19:13:31,전북 전주시 완산구 중앙동 ****,
B0QR00Z0FN,배달,바로결제,목살 샐러드,"목살 (100g), 숲속토핑 (110g)",오리엔탈,배민,11100,3000,14100,2020-08-21 18:27:20,2020-08-21 18:27:35,2020-08-21 19:27:35,전북 전주시 덕진구 금암1동 ****,콩 빼주세요 감사합니다 :)
B0QR010LLG,배달,만나서결제,"목살 샐러드, 목살 샐러드","고구마 (50g), 목살 (100g), 고구마 (50g)","렌치, 오리엔탈",배민,16800,3000,19800,2020-08-21 18:38:26,2020-08-21 18:38:37,2020-08-21 19:38:37,전북 전주시 덕진구 금암2동 ****,
B0QS006ZQ0,배달,만나서결제,"숲속 샐러드, 이너프 샐러드",고구마 (50g),"발사믹, 발사믹",배민,10900,3500,14400,2020-08-22 11:09:12,2020-08-22 11:09:27,2020-08-22 12:09:27,전북 전주시 완산구 서신동 ****,
B0QS009HT5,배달,바로결제,"목살 샐러드, 훈제연어 샐러드",,"렌치, 렌치",배민,13300,4500,17800,2020-08-22 11:42:45,2020-08-22 11:42:59,2020-08-22 12:42:59,전북 전주시 덕진구 인후1동 ****,
B0QS00WB5B,배달,바로결제,"이너프 샐러드, 이너프 샐러드",고구마 (50g),오리엔탈,배민,10000,3000,13000,2020-08-22 16:25:33,2020-08-22 16:25:52,2020-08-22 17:25:52,전북 전주시 덕진구 금암2동 ****,둘 다 할라피뇨 빼주세요 (수저포크X)
B0QS00X9QO,배달,바로결제,훈제연어 샐러드,연어 (100g),발사믹,배민,10400,3000,13400,2020-08-22 16:41:19,2020-08-22 16:41:30,2020-08-22 17:41:30,전북 전주시 덕진구 덕진동 ****,
B0QS00YRM7,배달,바로결제,"닭가슴살 샐러드, 닭가슴살 샐러드, 닭가슴살 샐러드, 닭가슴살 샐러드",목살 (100g),발사믹,배민,34000,2000,36000,2020-08-22 16:55:09,2020-08-22 16:55:21,2020-08-22 17:55:21,전북 전주시 덕진구 금암1동 ****,"할라피뇨, 포크 빼주세요 (수저포크X)"
B0QS0167DK,배달,만나서결제,"목살 샐러드, 목살 샐러드, 목살 샐러드","삶은 달걀, 삶은 달걀, 목살 (100g), 닭가슴살 (100g), 고구마 (50g), 삶은 달걀","발사믹, 오리엔탈, 드레싱",배민,26100,3000,29100,2020-08-22 17:55:23,2020-08-22 17:55:45,2020-08-22 18:55:45,전북 전주시 덕진구 금암2동 ****,
B0QU005KE1,배달,바로결제,"이너프 샐러드, 이너프 샐러드","고구마 (50g), 고구마 (50g)","오리엔탈, 발사믹",배민,10000,3500,13500,2020-08-24 11:01:55,2020-08-24 11:02:10,2020-08-24 12:02:10,전북 전주시 덕진구 송천2동 ****,(수저포크X)
B0QU005ZPX,배달,바로결제,"이너프 샐러드, 이너프 샐러드, 이너프 샐러드, 숲속 샐러드",,"오리엔탈, 렌치",배민,18800,3500,22300,2020-08-24 11:07:57,2020-08-24 11:10:09,2020-08-24 12:10:09,전북 전주시 덕진구 진북동 ****,올리브 할라피뇨 빼주세요
B0QU008SJC,배달,만나서결제,"숲속 샐러드, 닭가슴살 샐러드, 닭가슴살 샐러드",고구마 (50g),"오리엔탈, 오리엔탈, 렌치",배민,18400,3500,21900,2020-08-24 11:43:33,2020-08-24 11:43:45,2020-08-24 12:43:45,전북 전주시 완산구 서신동 ****,
B0QU008UXW,배달,바로결제,"목살 샐러드, 훈제연어 샐러드","고구마 (50g), 목살 (100g), 고구마 (50g)","오리엔탈, 오리엔탈",배민,17300,3000,20300,2020-08-24 11:46:18,2020-08-24 11:46:31,2020-08-24 12:46:31,전북 전주시 덕진구 금암2동 ****,
B0QU0096WJ,배달,바로결제,"닭가슴살 샐러드, 목살 샐러드, 이너프 샐러드",,"오리엔탈, 발사믹, 렌치",배민,16600,3000,18600,2020-08-24 11:50:34,2020-08-24 11:50:43,2020-08-24 12:50:43,전북 전주시 덕진구 덕진동 ****,
B0QU009FXX,배달,바로결제,"훈제연어 샐러드, 목살 샐러드",목살 (100g),"발사믹, 렌치",배민,15900,3500,19400,2020-08-24 11:53:53,2020-08-24 11:58:51,2020-08-24 12:58:51,전북 전주시 덕진구 송천2동 ****,둘다 양파빼주시고 목살은 올리브도 빼주세요!
B0QU009LQ8,배달,바로결제,"숲속 샐러드, 목살 샐러드, 이너프 샐러드, 이너프 샐러드, 이너프 샐러드, 이너프 샐러드, 이너프 샐러드, 이너프 샐러드, 이너프 샐러드",,"오리엔탈, 오리엔탈, 오리엔탈, 발사믹",배민,42400,2500,44900,2020-08-24 11:54:36,2020-08-24 11:58:44,2020-08-24 12:58:44,전북 전주시 덕진구 인후2동 ****,일회용품 주지 마세요:) (수저포크X)
B0QU009HK2,배달,바로결제,"숲속 샐러드, 훈제연어 샐러드",고구마 (50g),"발사믹, 렌치",배민,13500,3000,15389,2020-08-24 11:54:42,2020-08-24 11:58:38,2020-08-24 12:58:38,전북 전주시 덕진구 금암1동 ****,
B0QU00GL89,배달,바로결제,"닭가슴살 샐러드, 닭가슴살 샐러드","숲속토핑 (110g), 숲속토핑 (110g)","렌치, 발사믹",배민,16000,3500,19500,2020-08-24 13:32:18,2020-08-24 13:32:24,2020-08-24 14:32:24,전라북도 전주시 덕진구 인후2동 ****,
B0QU00MXH4,배달,만나서결제,"숲속 샐러드, 숲속 샐러드, 숲속 샐러드, 닭가슴살 샐러드","고구마 (50g), 고구마 (50g), 고구마 (50g)","발사믹, 오리엔탈, 오리엔탈",배민,26400,3500,29900,2020-08-24 15:57:32,2020-08-24 15:57:48,2020-08-24 16:57:48,전북 전주시 완산구 서신동 ****,
B0QU00NPC7,배달,바로결제,"목살 샐러드, 숲속 샐러드","숲속토핑 (110g), 삶은 달걀","렌치, 렌치, 렌치, 렌치",배민,15900,3000,18900,2020-08-24 16:16:20,2020-08-24 16:16:34,2020-08-24 17:16:34,전북 전주시 덕진구 덕진동 ****,견과류 빼주세요 !! 아몬드 빼주세요 !!!!
B0QU00NZXH,배달,만나서결제,"이너프 샐러드, 이너프 샐러드, 이너프 샐러드, 훈제연어 샐러드, 훈제연어 샐러드, 목살 샐러드",,"렌치, 렌치, 렌치",배민,33100,3500,36600,2020-08-24 16:22:31,2020-08-24 16:22:40,2020-08-24 17:22:40,전북 전주시 완산구 중앙동 ****,현금영수증01046443051 (수저포크X)
B0QU00PAJD,배달,만나서결제,"이너프 샐러드, 훈제연어 샐러드",,"오리엔탈, 렌치",배민,11200,3000,14200,2020-08-24 16:46:20,2020-08-24 16:46:28,2020-08-24 17:46:28,전북 전주시 덕진구 덕진동 ****,두개다 강낭콩 올리브 할라피뇨 꼭 제외해주세요
B0QU00PI3T,배달,만나서결제,"닭가슴살 샐러드, 닭가슴살 샐러드, 닭가슴살 샐러드, 닭가슴살 샐러드","숲속토핑 (110g), 고구마 (50g)",오리엔탈,배민,34800,3500,38300,2020-08-24 16:54:11,2020-08-24 16:54:19,2020-08-24 17:54:19,전북 전주시 완산구 중앙동 ****,
B0QU00PJKH,배달,바로결제,"목살 샐러드, 이너프 샐러드, 이너프 샐러드",고구마 (50g),"오리엔탈, 오리엔탈, 발사믹",배민,15700,3500,19200,2020-08-24 16:55:27,2020-08-24 16:55:36,2020-08-24 17:55:36,전북 전주시 완산구 서신동 ****,
B0QU00RN26,배달,바로결제,"닭가슴살 샐러드, 닭가슴살 샐러드, 닭가슴살 샐러드, 목살 샐러드, 목살 샐러드, 목살 샐러드",,"오리엔탈, 오리엔탈",배민,36900,3500,40400,2020-08-24 17:37:25,2020-08-24 17:37:38,2020-08-24 18:37:38,전북 전주시 완산구 중화산2동 ****,"포장 잘 해주시고 닭가슴살 샐러드 1개, 목살 샐러드 1개는 양파 빼주세요"
B0QU00T6QZ,배달,바로결제,"숲속 샐러드, 이너프 샐러드",삶은 달걀,"오리엔탈, 발사믹",배민,10700,3000,12700,2020-08-24 17:44:57,2020-08-24 17:45:29,2020-08-24 18:45:29,전북 전주시 덕진구 금암1동 ****,
B0QV005W6Y,배달,바로결제,"닭가슴살 샐러드, 닭가슴살 샐러드","고구마 (50g), 고구마 (50g)","렌치, 오리엔탈",배민,13200,3500,16700,2020-08-25 11:02:29,2020-08-25 11:02:49,2020-08-25 12:02:49,전북 전주시 덕진구 진북동 ****,
B0QV006BSN,배달,바로결제,"훈제연어 샐러드, 훈제연어 샐러드",,렌치,배민,13800,4500,18300,2020-08-25 11:07:04,2020-08-25 11:08:36,2020-08-25 12:08:36,전북 전주시 덕진구 인후1동 ****,
B0QV006FUW,배달,바로결제,"훈제연어 샐러드, 목살 샐러드",,"렌치, 오리엔탈",배민,13300,3000,16300,2020-08-25 11:10:33,2020-08-25 11:12:36,2020-08-25 12:12:36,전북 전주시 덕진구 덕진동 ****,(수저포크X)
B0QV006L5R,배달,바로결제,"닭가슴살 샐러드, 목살 샐러드, 닭가슴살 샐러드, 닭가슴살 샐러드","숲속토핑 (110g), 숲속토핑 (110g), 숲속토핑 (110g), 숲속토핑 (110g), 목살 (100g)","발사믹, 오리엔탈, 오리엔탈, 오리엔탈",배민,35100,3500,38600,2020-08-25 11:12:28,2020-08-25 11:12:42,2020-08-25 12:12:42,전북 전주시 완산구 중화산2동 ****,닭가슴살에 숲속추가한거 한개는 양파랑아몬드빼고 강낭콩더주세요
B0QV008KMV,배달,바로결제,"이너프 샐러드, 훈제연어 샐러드","고구마 (50g), 고구마 (50g)","오리엔탈, 오리엔탈",배민,12600,3000,15600,2020-08-25 11:36:07,2020-08-25 11:36:32,2020-08-25 12:36:32,전북 전주시 덕진구 금암2동 ****,강낭콩빼주세요
B0QV009Y7U,배달,바로결제,"훈제연어 샐러드, 목살 샐러드",,"오리엔탈, 오리엔탈",배민,13300,3000,16300,2020-08-25 11:49:42,2020-08-25 11:50:12,2020-08-25 12:50:12,전북 전주시 덕진구 금암2동 ****,
B0QV00AA5P,배달,만나서결제,"목살 샐러드, 목살 샐러드, 목살 샐러드","숲속토핑 (110g), 삶은 달걀, 닭가슴살 (100g), 고구마 (50g), 숲속토핑 (110g)","렌치, 발사믹, 렌치",배민,26700,3500,30200,2020-08-25 11:54:30,2020-08-25 11:55:02,2020-08-25 12:55:02,전북 전주시 덕진구 송천2동 ****,
B0QV00ACZA,배달,바로결제,"목살 샐러드, 숲속 샐러드",목살 (100g),"렌치, 오리엔탈",배민,14900,3500,18400,2020-08-25 11:57:09,2020-08-25 12:00:21,2020-08-25 13:00:21,전북 전주시 덕진구 송천2동 ****,(수저포크X)
B0QV00DV3F,배달,바로결제,"이너프 샐러드, 이너프 샐러드","고구마 (50g), 고구마 (50g)","오리엔탈, 렌치",배민,10000,3000,13000,2020-08-25 12:37:26,2020-08-25 12:39:12,2020-08-25 13:39:12,전북 전주시 덕진구 금암1동 ****,
B0QV00ELD9,배달,만나서결제,"숲속 샐러드, 숲속 샐러드",목살 (100g),오리엔탈,배민,17000,3000,20000,2020-08-25 12:46:58,2020-08-25 12:47:06,2020-08-25 13:47:06,전북 전주시 덕진구 금암1동 ****,
B0QV00EZGF,배달,바로결제,"이너프 샐러드, 닭가슴살 샐러드",고구마 (50g),"발사믹, 발사믹",배민,10900,3500,14400,2020-08-25 12:51:52,2020-08-25 12:52:00,2020-08-25 13:52:00,전북 전주시 덕진구 송천2동 ****,강낭콩. 할라피뇨. 올리브 빼주세요!!
B0QV00M0C1,배달,바로결제,"목살 샐러드, 이너프 샐러드",,"오리엔탈, 오리엔탈",배민,10700,3000,13700,2020-08-25 15:06:46,2020-08-25 15:07:08,2020-08-25 16:07:08,전북 전주시 덕진구 금암1동 ****,강낭콩 빼주세요
B0QV00ODME,배달,바로결제,"숲속 샐러드, 훈제연어 샐러드",,"오리엔탈, 렌치",배민,12800,3000,15800,2020-08-25 16:01:37,2020-08-25 16:02:25,2020-08-25 17:02:25,전북 전주시 덕진구 금암1동 ****,강낭콩빼쥬세요!!!
B0QV00Q6OE,배달,바로결제,"목살 샐러드, 이너프 샐러드",,"오리엔탈, 오리엔탈",배민,10700,3500,14200,2020-08-25 16:38:15,2020-08-25 16:38:25,2020-08-25 17:38:25,전북 전주시 덕진구 송천2동 ****,
B0QV00QZLJ,배달,바로결제,"이너프 샐러드, 닭가슴살 샐러드",,"렌치, 렌치",배민,10200,3000,13200,2020-08-25 16:51:25,2020-08-25 16:51:43,2020-08-25 17:51:43,전북 전주시 덕진구 금암2동 ****,
B0QV00RHJY,배달,바로결제,"닭가슴살 샐러드, 훈제연어 샐러드",고구마 (50g),"오리엔탈, 렌치",배민,13500,3000,16500,2020-08-25 17:03:39,2020-08-25 17:03:49,2020-08-25 18:03:49,전북 전주시 덕진구 금암1동 ****,"닭가슴살은 강낭콩,할라피뇨 빼주시고 연어는 강낭콩만 빼주시고 할라피뇨는 더주세용!!"
B0QV00RYXY,배달,바로결제,닭가슴살 샐러드,"닭가슴살 (100g), 숲속토핑 (110g), 고구마 (50g), 삶은 달걀","렌치, 렌치",배민,11800,4500,16300,2020-08-25 17:09:34,2020-08-25 17:09:52,2020-08-25 18:09:52,전북 전주시 덕진구 인후1동 ****,
B0QV00SBL8,배달,바로결제,"이너프 샐러드, 목살 샐러드","고구마 (50g), 숲속토핑 (110g)","오리엔탈, 오리엔탈",배민,13500,3500,17000,2020-08-25 17:13:13,2020-08-25 17:13:24,2020-08-25 18:13:24,전북 전주시 덕진구 송천2동 ****,
B0QV00SCT5,배달,바로결제,"목살 샐러드, 훈제연어 샐러드",,"발사믹, 오리엔탈",배민,13300,4000,17300,2020-08-25 17:15:12,2020-08-25 17:16:48,2020-08-25 18:16:48,전북 전주시 덕진구 송천1동 ****,안녕하세요 혹시 많이시켜서 쟁여두고먹으려고하는데 유통기한이얼마나될까요 전화를 받지않으셔가지구요
B0QV00TZKN,배달,만나서결제,"이너프 샐러드, 숲속 샐러드",고구마 (50g),"드레싱, 오리엔탈",배민,10900,5000,15900,2020-08-25 17:32:21,2020-08-25 17:32:30,2020-08-25 18:32:30,전북 전주시 완산구 중화산1동 ****,
B0QV00UJL6,배달,바로결제,목살 샐러드,"목살 (100g), 숲속토핑 (110g), 고구마 (50g)","오리엔탈, 렌치",배민,12300,3500,15800,2020-08-25 17:39:53,2020-08-25 17:40:31,2020-08-25 18:40:31,전북 전주시 덕진구 송천2동 ****,"강낭콩,올리브,할라피뇨 다 빼주세요 :) 양파 양상추 옥수수 많이주세요"
B0QV00UXYV,배달,바로결제,"이너프 샐러드, 목살 샐러드",,"렌치, 오리엔탈",배민,10700,3000,13700,2020-08-25 17:43:39,2020-08-25 17:44:14,2020-08-25 18:44:14,전북 전주시 덕진구 금암1동 ****,
B0QV00VUW3,배달,바로결제,"이너프 샐러드, 목살 샐러드",,"렌치, 렌치",배민,10700,3000,13700,2020-08-25 17:52:25,2020-08-25 17:54:12,2020-08-25 18:54:12,전북 전주시 덕진구 덕진동 ****,
B0QW005P7J,배달,바로결제,"닭가슴살 샐러드, 목살 샐러드, 목살 샐러드",숲속토핑 (110g),"오리엔탈, 오리엔탈",배민,22900,3000,25900,2020-08-26 11:03:15,2020-08-26 11:04:22,2020-08-26 12:04:22,전북 전주시 덕진구 금암1동 ****,강낭콩 3개 다 빼주세요!
B0QW005UO6,배달,바로결제,"이너프 샐러드, 닭가슴살 샐러드",,"오리엔탈, 렌치",배민,10200,3000,13200,2020-08-26 11:03:24,2020-08-26 11:04:16,2020-08-26 12:04:16,전북 전주시 덕진구 덕진동 ****,기본에서만 강낭콩 올리브 할라피뇨 빼주세요!
B0QW005PY8,배달,바로결제,"목살 샐러드, 훈제연어 샐러드",삶은 달걀,"발사믹, 오리엔탈",배민,13800,3500,17300,2020-08-26 11:03:27,2020-08-26 11:04:11,2020-08-26 12:04:11,전북 전주시 덕진구 인후2동 ****,(수저포크X)
B0QW008BVX,배달,바로결제,"숲속 샐러드, 목살 샐러드",,"오리엔탈, 발사믹",배민,12300,3000,13900,2020-08-26 11:32:49,2020-08-26 11:33:06,2020-08-26 12:33:06,전북 전주시 덕진구 덕진동 ****,
B0QW008T8M,배달,바로결제,"훈제연어 샐러드, 목살 샐러드",,"오리엔탈, 오리엔탈",배민,13300,3000,16300,2020-08-26 11:36:34,2020-08-26 11:36:46,2020-08-26 12:36:46,전북 전주시 덕진구 금암2동 ****,
B0QW0098CJ,배달,바로결제,"이너프 샐러드, 이너프 샐러드",고구마 (50g),렌치,배민,10000,3000,13000,2020-08-26 11:41:52,2020-08-26 11:43:10,2020-08-26 12:43:10,전북 전주시 덕진구 금암1동 ****,
B0QW009TIN,배달,바로결제,"이너프 샐러드, 이너프 샐러드, 이너프 샐러드, 이너프 샐러드, 이너프 샐러드",,"렌치, 오리엔탈",배민,21500,3500,25000,2020-08-26 11:46:46,2020-08-26 11:47:02,2020-08-26 12:47:02,전북 전주시 덕진구 인후2동 ****,감사합니다
B0QW00AQ9U,배달,바로결제,"목살 샐러드, 목살 샐러드",목살 (100g),"렌치, 렌치, 발사믹, 발사믹",배민,16400,4000,20400,2020-08-26 11:59:53,2020-08-26 12:02:42,2020-08-26 13:02:42,전북 전주시 덕진구 송천1동 ****,수정아 소스마니주세용
B0QW00AWTC,배달,바로결제,목살 샐러드,"목살 (100g), 고구마 (50g), 삶은 달걀",렌치,배민,10200,3000,13200,2020-08-26 11:59:56,2020-08-26 12:02:48,2020-08-26 13:02:48,전북 전주시 덕진구 금암1동 ****,(수저포크X)
B0QW00GIMX,배달,바로결제,"숲속 샐러드, 숲속 샐러드",,발사믹,배민,11800,3500,15300,2020-08-26 13:12:28,2020-08-26 13:12:43,2020-08-26 14:12:43,전북 전주시 덕진구 송천2동 ****,포크랑 달걀빼고 주세요! (수저포크X)
B0QW00HJBQ,배달,만나서결제,"닭가슴살 샐러드, 숲속 샐러드",,"오리엔탈, 렌치",배민,11800,3500,15300,2020-08-26 13:24:14,2020-08-26 13:24:23,2020-08-26 14:24:23,전북 전주시 덕진구 송천2동 ****,
B0QW00HMR4,배달,바로결제,"숲속 샐러드, 이너프 샐러드",삶은 달걀,"발사믹, 렌치",배민,10700,3000,13000,2020-08-26 13:27:05,2020-08-26 13:27:21,2020-08-26 14:27:21,전북 전주시 덕진구 금암1동 ****,할라피뇨 빼주세요.사장님
B0QW00I3CC,배달,바로결제,"목살 샐러드, 숲속 샐러드",,"발사믹, 렌치",배민,12300,5000,17300,2020-08-26 13:35:26,2020-08-26 13:35:44,2020-08-26 14:35:44,전북 전주시 완산구 중화산1동 ****,
B0QW00J96U,배달,만나서결제,"이너프 샐러드, 목살 샐러드",고구마 (50g),"오리엔탈, 오리엔탈",배민,11400,3000,14400,2020-08-26 13:54:50,2020-08-26 13:55:04,2020-08-26 14:55:04,전북 전주시 덕진구 금암1동 ****,
B0QX005UWC,배달,바로결제,"목살 샐러드, 이너프 샐러드, 이너프 샐러드",,"렌치, 렌치, 오리엔탈",배민,15000,3500,18500,2020-08-27 11:01:30,2020-08-27 11:01:54,2020-08-27 12:01:54,전북 전주시 완산구 서신동 ****,할라피뇨 많이주세요:-)
B0QX005YPJ,배달,만나서결제,"닭가슴살 샐러드, 숲속 샐러드, 숲속 샐러드",,"발사믹, 발사믹",배민,17700,3000,20700,2020-08-27 11:02:32,2020-08-27 11:02:37,2020-08-27 12:02:37,전북 전주시 덕진구 금암2동 ****,12시경도착부탁드려요
B0QX006LTY,배달,바로결제,"훈제연어 샐러드, 훈제연어 샐러드, 숲속 샐러드",,"렌치, 오리엔탈",배민,19700,3000,22700,2020-08-27 11:10:11,2020-08-27 11:10:21,2020-08-27 12:10:21,전북 전주시 덕진구 금암1동 ****,
B0QX006LX9,배달,바로결제,"목살 샐러드, 훈제연어 샐러드",삶은 달걀,"오리엔탈, 렌치",배민,13800,3000,16800,2020-08-27 11:10:21,2020-08-27 11:10:28,2020-08-27 12:10:28,전북 전주시 덕진구 덕진동 ****,
B0QX006SYR,배달,바로결제,"목살 샐러드, 숲속 샐러드",숲속토핑 (110g),"렌치, 발사믹",배민,14400,3500,17900,2020-08-27 11:12:58,2020-08-27 11:13:06,2020-08-27 12:13:06,전북 전주시 완산구 서신동 ****,(수저포크X)
B0QX006Y3U,배달,바로결제,"목살 샐러드, 목살 샐러드, 목살 샐러드",,"발사믹, 오리엔탈",배민,19200,3000,22200,2020-08-27 11:14:43,2020-08-27 11:15:06,2020-08-27 12:15:06,전북 전주시 덕진구 덕진동 ****,
B0QX00787Y,배달,바로결제,"이너프 샐러드, 숲속 샐러드",,"렌치, 렌치",배민,10200,3500,12700,2020-08-27 11:18:38,2020-08-27 11:19:17,2020-08-27 12:19:17,전북 전주시 완산구 서신동 ****,강낭콩 많이 넣어주세요!
B0QX007L9B,배달,바로결제,"닭가슴살 샐러드, 훈제연어 샐러드",고구마 (50g),"발사믹, 발사믹",배민,13500,3000,16500,2020-08-27 11:23:14,2020-08-27 11:23:26,2020-08-27 12:23:26,전북 전주시 덕진구 금암2동 ****,
B0QX008E6V,배달,바로결제,"이너프 샐러드, 숲속 샐러드",,"오리엔탈, 오리엔탈",배민,10200,3000,13045,2020-08-27 11:32:10,2020-08-27 11:32:23,2020-08-27 12:32:23,전북 전주시 덕진구 금암2동 ****,(수저포크X)
B0QX008DQW,배달,바로결제,"닭가슴살 샐러드, 닭가슴살 샐러드, 목살 샐러드",고구마 (50g),"발사믹, 오리엔탈, 렌치",배민,18900,3500,22400,2020-08-27 11:35:20,2020-08-27 11:35:31,2020-08-27 12:35:31,전북 전주시 완산구 서신동 ****,
B0QX00AB49,배달,바로결제,"훈제연어 샐러드, 닭가슴살 샐러드","삶은 달걀, 고구마 (50g), 삶은 달걀","렌치, 오리엔탈",배민,14500,4500,19000,2020-08-27 11:54:36,2020-08-27 11:54:43,2020-08-27 12:54:43,전북 전주시 덕진구 인후1동 ****,문앞에 놓아주세요
B0QX00AE6E,배달,바로결제,"닭가슴살 샐러드, 닭가슴살 샐러드",,"렌치, 발사믹",배민,11800,3000,14800,2020-08-27 11:56:59,2020-08-27 11:57:10,2020-08-27 12:57:10,전북 전주시 덕진구 덕진동 ****,
B0QX00AUIY,배달,바로결제,"이너프 샐러드, 숲속 샐러드, 닭가슴살 샐러드","고구마 (50g), 고구마 (50g)","발사믹, 오리엔탈, 발사믹",배민,17500,3000,20500,2020-08-27 11:59:08,2020-08-27 12:01:16,2020-08-27 13:01:16,전북 전주시 덕진구 금암2동 ****,
B0QX00CIXR,배달,바로결제,"숲속 샐러드, 훈제연어 샐러드",,"렌치, 렌치",배민,12800,3000,15800,2020-08-27 12:17:49,2020-08-27 12:19:08,2020-08-27 13:19:08,전북 전주시 덕진구 금암1동 ****,
B0QX00CSL3,배달,바로결제,"목살 샐러드, 목살 샐러드",,렌치,배민,12800,3000,15800,2020-08-27 12:22:59,2020-08-27 12:25:12,2020-08-27 13:25:12,전북 전주시 덕진구 덕진동 ****,두개 다 콩 빼주세요
B0QX00D9BA,배달,바로결제,"숲속 샐러드, 닭가슴살 샐러드",,"드레싱, 드레싱",배민,11800,4000,15800,2020-08-27 12:26:38,2020-08-27 12:26:53,2020-08-27 13:26:53,전북 전주시 덕진구 송천1동 ****,콩빼고 할라피뇨 많이주세용
B0QX00DW81,배달,바로결제,"목살 샐러드, 닭가슴살 샐러드",,"발사믹, 오리엔탈",배민,12300,3000,15300,2020-08-27 12:35:51,2020-08-27 12:36:04,2020-08-27 13:36:04,전북 전주시 덕진구 금암1동 ****,할라피뇨 빼주세요.
B0QX00FN1A,배달,바로결제,"훈제연어 샐러드, 닭가슴살 샐러드","고구마 (50g), 고구마 (50g)","렌치, 렌치",배민,14200,3500,17700,2020-08-27 13:00:11,2020-08-27 13:00:43,2020-08-27 14:00:43,전북 전주시 덕진구 송천2동 ****,"닭가슴살샐러드에 강낭콩, 올리브, 할라피뇨 빼주세요 (수저포크X)"
B0QX00FQT1,배달,바로결제,"훈제연어 샐러드, 훈제연어 샐러드","목살 (100g), 고구마 (50g)",오리엔탈,배민,20400,3000,23400,2020-08-27 13:01:31,2020-08-27 13:01:44,2020-08-27 14:01:44,전북 전주시 덕진구 금암2동 ****,
B0QX00MFVW,배달,바로결제,"훈제연어 샐러드, 닭가슴살 샐러드",고구마 (50g),"렌치, 렌치",배민,13500,5000,18500,2020-08-27 15:03:12,2020-08-27 15:03:22,2020-08-27 15:33:22,전북 전주시 덕진구 우아1동 ****,닭가슴살샐러드는 할라피뇨빼주세요
B0QX00MCFF,배달,만나서결제,"훈제연어 샐러드, 닭가슴살 샐러드",,"오리엔탈, 발사믹",배민,12800,3000,15800,2020-08-27 15:03:41,2020-08-27 15:03:46,2020-08-27 16:03:46,전북 전주시 덕진구 금암1동 ****,
B0QX00MOTH,배달,만나서결제,"이너프 샐러드, 이너프 샐러드, 이너프 샐러드, 이너프 샐러드, 목살 샐러드",,"발사믹, 렌치",배민,23600,4500,28100,2020-08-27 15:10:09,2020-08-27 15:10:31,2020-08-27 16:10:31,전북 전주시 완산구 중앙동 ****,
B0QX00N7D1,배달,바로결제,"이너프 샐러드, 목살 샐러드",고구마 (50g),"발사믹, 오리엔탈",배민,11400,5000,16400,2020-08-27 15:24:07,2020-08-27 15:24:14,2020-08-27 16:24:14,전북 전주시 덕진구 우아1동 ****,
B0QX00NIK8,배달,바로결제,"이너프 샐러드, 이너프 샐러드",고구마 (50g),발사믹,배민,10000,3500,13500,2020-08-27 15:28:57,2020-08-27 15:29:05,2020-08-27 16:29:05,전북 전주시 덕진구 인후2동 ****,
B0QX00PAA6,배달,바로결제,"목살 샐러드, 숲속 샐러드",,"발사믹, 오리엔탈",배민,12300,3000,15300,2020-08-27 16:09:25,2020-08-27 16:09:33,2020-08-27 17:09:33,전북 전주시 덕진구 덕진동 ****,
B0QX00PK27,배달,바로결제,"닭가슴살 샐러드, 이너프 샐러드",,"오리엔탈, 렌치",배민,10200,3000,13200,2020-08-27 16:13:56,2020-08-27 16:14:17,2020-08-27 17:14:17,전북 전주시 덕진구 금암2동 ****,
B0QX00PUFF,배달,바로결제,"이너프 샐러드, 이너프 샐러드, 숲속 샐러드, 숲속 샐러드",,"오리엔탈, 렌치, 오리엔탈, 렌치",배민,20400,4000,24400,2020-08-27 16:21:41,2020-08-27 16:21:58,2020-08-27 17:21:58,전북 전주시 덕진구 송천1동 ****,(수저포크X)
B0QX00R32W,배달,바로결제,"숲속 샐러드, 숲속 샐러드",,오리엔탈,배민,11800,3000,14800,2020-08-27 16:42:49,2020-08-27 16:43:01,2020-08-27 17:43:01,전라북도 전주시 덕진구 덕진동 ****,
B0QX00R5FA,배달,바로결제,"숲속 샐러드, 숲속 샐러드, 이너프 샐러드, 닭가슴살 샐러드",,"오리엔탈, 오리엔탈, 오리엔탈, 발사믹",배민,22500,3000,25500,2020-08-27 16:45:57,2020-08-27 16:46:09,2020-08-27 17:46:09,전북 전주시 덕진구 금암1동 ****,
B0QX00RDW8,배달,바로결제,"목살 샐러드, 숲속 샐러드",목살 (100g),"렌치, 발사믹, 발사믹, 렌치",배민,15900,3000,18900,2020-08-27 16:48:44,2020-08-27 16:48:57,2020-08-27 17:48:57,전북 전주시 덕진구 금암2동 ****,
B0QX00S7HX,배달,만나서결제,"숲속 샐러드, 닭가슴살 샐러드",,"발사믹, 발사믹",배민,11800,5000,16800,2020-08-27 16:59:20,2020-08-27 16:59:25,2020-08-27 17:59:25,전북 전주시 완산구 중화산1동 ****,절임류 빼주세요! (수저포크X)
B0QX00SLVD,배달,바로결제,닭가슴살 샐러드,"닭가슴살 (100g), 목살 (100g), 고구마 (50g), 삶은 달걀",렌치,배민,11800,5000,16800,2020-08-27 17:06:10,2020-08-27 17:06:24,2020-08-27 18:06:24,전라북도 전주시 완산구 중화산1동 ****,(수저포크X)
B0QX00TCPW,배달,바로결제,"이너프 샐러드, 숲속 샐러드",,"렌치, 렌치",배민,10200,3500,13700,2020-08-27 17:16:33,2020-08-27 17:16:53,2020-08-27 18:16:53,전북 전주시 덕진구 송천2동 ****,
B0QX00UHJZ,배달,바로결제,"숲속 샐러드, 숲속 샐러드",목살 (100g),"발사믹, 발사믹, 발사믹, 발사믹",배민,15400,3000,18400,2020-08-27 17:28:32,2020-08-27 17:29:23,2020-08-27 18:29:23,전북 전주시 덕진구 덕진동 ****,
B0QX00VAGV,배달,바로결제,"목살 샐러드, 숲속 샐러드","목살 (100g), 고구마 (50g)","발사믹, 발사믹",배민,15600,3500,19100,2020-08-27 17:37:51,2020-08-27 17:38:33,2020-08-27 18:38:33,전북 전주시 덕진구 송천2동 ****,
B0QY005RPD,배달,바로결제,"이너프 샐러드, 숲속 샐러드",,"발사믹, 오리엔탈",배민,10200,3000,13200,2020. 08. 28 11:04:25,2020. 08. 28 11:04:34,2020. 08. 28 12:04:34,전북 전주시 덕진구 금암1동 ****,지난번에 고구마 빼먹으셔서 다음에 주문할때 넣어주신다고했어요! 이너프샐러드에 부탁드려요! 둘다양파빼주세요!
B0QY006136,배달,바로결제,훈제연어 샐러드,목살 (100g),렌치,배민,10200,3000,13200,2020. 08. 28 11:04:52,2020. 08. 28 11:05:07,2020. 08. 28 12:05:07,전북 전주시 덕진구 금암1동 ****,"옥수수,삶은달걀,할라피뇨 빼고 강낭콩이랑 올리브 많이 넣어주세요"
B0QY0060OR,배달,바로결제,"훈제연어 샐러드, 목살 샐러드, 닭가슴살 샐러드",,"렌치, 렌치, 렌치",배민,19200,3500,22700,2020. 08. 28 11:07:12,2020. 08. 28 11:07:34,2020. 08. 28 12:07:34,전북 전주시 덕진구 팔복동 ****,-
B0QY0064XA,배달,바로결제,"목살 샐러드, [ 렌치 추가 ], 숲속 샐러드","목살 (100g), 닭가슴살 (100g), 닭가슴살 (100g), 목살 (100g)","렌치, 렌치",배민,22200,3000,25200,2020. 08. 28 11:07:34,2020. 08. 28 11:07:42,2020. 08. 28 12:07:42,전북 전주시 덕진구 덕진동 ****,-
B0QY006B89,배달,바로결제,"목살 샐러드, 목살 샐러드",,"발사믹, 오리엔탈",배민,12800,3000,15800,2020. 08. 28 11:09:52,2020. 08. 28 11:10:14,2020. 08. 28 12:10:14,전북 전주시 덕진구 덕진동 ****,-
B0QY006SPE,배달,바로결제,"닭가슴살 샐러드, 훈제연어 샐러드",연어 (100g),"오리엔탈, 렌치",배민,16300,4500,20800,2020. 08. 28 11:14:02,2020. 08. 28 11:14:18,2020. 08. 28 12:14:18,전북 전주시 덕진구 인후1동 ****,-
B0QY006L1T,배달,바로결제,"이너프 샐러드, 목살 샐러드",고구마 (50g),"렌치, 렌치",배민,19200,4500,23700,2020. 08. 28 11:15:34,2020. 08. 28 11:17:40,2020. 08. 28 12:17:40,전북 전주시 완산구 중화산2동 ****,샐러드 전부 양파빼주시고 강낭콩옥수수할라피뇨 좀더부탁드려요:)
B0QY007WQR,배달,바로결제,"목살 샐러드, 목살 샐러드, 목살 샐러드",,"렌치, 발사믹, 오리엔탈",배민,19200,3000,22200,2020. 08. 28 11:29:07,2020. 08. 28 11:29:17,2020. 08. 28 12:29:17,전북 전주시 덕진구 금암1동 ****,-
B0QY0085C7,배달,만나서결제,"숲속 샐러드, 목살 샐러드, 훈제연어 샐러드","목살 (100g), 숲속토핑 (110g), 닭가슴살 (100g)","오리엔탈, 발사믹, 오리엔탈",배민,26000,3500,29500,2020. 08. 28 11:30:43,2020. 08. 28 11:31:00,2020. 08. 28 12:31:00,전북 전주시 완산구 서신동 ****,-
B0QY007NYB,배달,만나서결제,"숲속 샐러드, 훈제연어 샐러드",,"렌치, 발사믹",배민,13500,4500,18000,2020. 08. 28 11:38:11,2020. 08. 28 11:38:31,2020. 08. 28 12:38:31,전북 전주시 완산구 중화산2동 ****,사장님! 새단장 축하드려용 저 전에 엄니가 방문하시고 포장하던 소녀인데 기억하시려나요 요번에도 맛있게 부탁드
B0QY008OEW,배달,바로결제,"숲속 샐러드, 닭가슴살 샐러드, 숲속 샐러드",,"오리엔탈, 발사믹, 렌치",배민,18400,3500,21900,2020. 08. 28 11:40:05,2020. 08. 28 11:40:15,2020. 08. 28 12:40:15,전북 전주시 덕진구 팔복동 ****,요청사항 전화로 연락 드릴게요!
B0QY0094X6,배달,바로결제,"닭가슴살 샐러드, 목살 샐러드",숲속토핑 (110g),"렌치, 렌치",배민,14400,3000,17400,2020. 08. 28 11:41:43,2020. 08. 28 11:41:52,2020. 08. 28 12:41:52,전북 전주시 덕진구 금암1동 ****,닭가슴살샐러드에 강남콩 빼주세요:)
B0QY009LW7,배달,바로결제,"목살 샐러드, 닭가슴살 샐러드",삶은 달걀,"렌치, 오리엔탈",배민,13500,3000,16500,2020. 08. 28 11:46:05,2020. 08. 28 11:47:10,2020. 08. 28 12:47:10,전북 전주시 덕진구 금암2동 ****,할라피뇨 많이 부탁드려요
B0QY009I5S,배달,바로결제,"목살 샐러드, 숲속 샐러드",,"렌치, 렌치",배민,12300,3500,15800,2020. 08. 28 11:46:48,2020. 08. 28 11:47:17,2020. 08. 28 12:47:17,전북 전주시 덕진구 인후2동 ****,-
B0QY00DHXN,배달,만나서결제,"훈제연어 샐러드, 훈제연어 샐러드","닭가슴살 (100g), 숲속토핑 (110g)","렌치, 렌치",배민,18000,3000,21000,2020. 08. 28 12:32:47,2020. 08. 28 12:32:57,2020. 08. 28 13:32:57,전북 전주시 덕진구 금암1동 ****,-
B0QY00EHRK,배달,바로결제,이너프 샐러드,,렌치,배민,12900,3000,15900,2020. 08. 28 12:43:57,2020. 08. 28 12:45:12,2020. 08. 28 13:45:12,전북 전주시 덕진구 덕진동 ****,(수저포크X)
B0QY00FZ1Z,배달,바로결제,"목살 샐러드, 훈제연어 샐러드",,"렌치, 렌치",배민,13300,3000,16300,2020. 08. 28 13:04:05,2020. 08. 28 13:04:24,2020. 08. 28 14:04:24,전북 전주시 덕진구 금암1동 ****,-
B0QY00FSGL,배달,바로결제,"숲속 샐러드, 닭가슴살 샐러드",,"오리엔탈, 오리엔탈",배민,13200,3000,16200,2020. 08. 28 13:04:48,2020. 08. 28 13:04:55,2020. 08. 28 14:04:55,전북 전주시 덕진구 덕진동 ****,-
B0QY00GNFR,배달,바로결제,"훈제연어 샐러드, 이너프 샐러드",,"렌치, 오리엔탈",배민,11200,3500,14700,2020. 08. 28 13:18:29,2020. 08. 28 13:18:40,2020. 08. 28 14:18:40,전북 전주시 완산구 서신동 ****,-
B0QY00MD35,배달,바로결제,"훈제연어 샐러드, 이너프 샐러드",,"오리엔탈, 렌치",배민,11200,3000,14200,2020. 08. 28 15:05:10,2020. 08. 28 15:05:22,2020. 08. 28 16:05:22,전북 전주시 덕진구 금암1동 ****,포토리뷰쓸게요 잘부탁드려요
B0QY00OAM7,배달,바로결제,"닭가슴살 샐러드, 목살 샐러드",,"오리엔탈, 오리엔탈",배민,12300,3500,15800,2020. 08. 28 15:50:29,2020. 08. 28 15:51:51,2020. 08. 28 16:51:51,전북 전주시 덕진구 진북동 ****,-
B0QY00O7TE,배달,바로결제,"숲속 샐러드, 훈제연어 샐러드",,"발사믹, 렌치",배민,13500,3500,17000,2020. 08. 28 15:53:27,2020. 08. 28 15:53:40,2020. 08. 28 16:53:40,전북 전주시 덕진구 송천2동 ****,(수저포크X)
B0QY00PYRT,배달,바로결제,"이너프 샐러드, 닭가슴살 샐러드, 목살 샐러드",,"렌치, 렌치, 렌치",배민,16600,3000,19600,2020. 08. 28 16:25:46,2020. 08. 28 16:26:07,2020. 08. 28 17:26:07,전북 전주시 덕진구 금암2동 ****,-
B0QY00RFIS,배달,바로결제,목살 샐러드,"목살 (100g), 삶은 달걀",렌치,배민,10200,3000,13200,2020. 08. 28 16:52:40,2020. 08. 28 16:53:00,2020. 08. 28 17:53:00,전북 전주시 덕진구 금암1동 ****,-
B0QY00RJB9,배달,바로결제,훈제연어 샐러드,목살 (100g),렌치,배민,10200,3000,13200,2020. 08. 28 16:54:39,2020. 08. 28 16:54:57,2020. 08. 28 17:54:57,전북 전주시 덕진구 덕진동 ****,-
B0QY00SAT4,배달,바로결제,"숲속 샐러드, 목살 샐러드",목살 (100g),"드레싱, 렌치",배민,14900,3000,17900,2020. 08. 28 17:03:42,2020. 08. 28 17:06:07,2020. 08. 28 18:06:07,전북 전주시 덕진구 금암2동 ****,-
B0QY00TNT1,배달,바로결제,"목살 샐러드, 훈제연어 샐러드",숲속토핑 (110g),"오리엔탈, 발사믹",배민,15400,3000,18400,2020. 08. 28 17:43:12,2020. 08. 28 17:43:21,2020. 08. 28 18:43:21,전북 전주시 덕진구 덕진동 ****,-
B0QY00XYEB,배달,바로결제,훈제연어 샐러드,"숲속토핑 (110g), 목살 (100g)",오리엔탈,배민,11600,3000,14600,2020. 08. 28 17:57:21,2020. 08. 28 17:57:30,2020. 08. 28 18:57:30,전북 전주시 덕진구 금암2동 ****,"강낭콩, 할라피뇨 빼주세요!"
B0QY00XRSY,배달,바로결제,"숲속 샐러드, 숲속 샐러드",,"드레싱, 렌치",배민,11800,5000,16800,2020. 08. 28 18:00:44,2020. 08. 28 18:00:59,2020. 08. 28 19:00:59,전북 전주시 완산구 중화산1동 ****,-
B0QY00WCU6,배달,바로결제,"훈제연어 샐러드, 이너프 샐러드",,"오리엔탈, 발사믹",배민,15500,3000,18500,2020. 08. 28 18:03:02,2020. 08. 28 18:03:20,2020. 08. 28 19:03:20,전북 전주시 덕진구 금암1동 ****,"연어,이너프 이너프 따로 포장 부탁드려요, 드레싱에 이름 표시 부탁드려요"
B0QY00Z2K3,배달,만나서결제,이너프 샐러드,"고구마 (50g), 삶은 달걀",렌치,배민,11000,3000,14000,2020. 08. 28 18:05:07,2020. 08. 28 18:05:18,2020. 08. 28 19:05:18,전북 전주시 덕진구 금암1동 ****,-
B0QY016K0W,배달,바로결제,닭가슴살 샐러드,"닭가슴살 (100g), 목살 (100g), 삶은 달걀",드레싱,배민,11100,4500,15600,2020. 08. 28 18:51:01,2020. 08. 28 18:51:16,2020. 08. 28 19:51:16,전북 전주시 완산구 중화산2동 ****,-
